,HolidayId,holidayname,HolidayDate
0,1,Christmas,36885
1,1,Christmas,37250
2,1,Christmas,37615
3,1,Christmas,37980
4,1,Christmas,38346
5,1,Christmas,38711
6,1,Christmas,39076
7,1,Christmas,39441
8,1,Christmas,39807
9,1,Christmas,40172
10,1,Christmas,40537
11,1,Christmas,40902
12,1,Christmas,41268
13,1,Christmas,41633
14,1,Christmas,41998
15,1,Christmas,42363
16,1,Christmas,42729
17,1,Christmas,43094
18,1,Christmas,43459
19,1,Christmas,43824
20,1,Christmas,44190
21,1,Christmas,44555
22,1,Christmas,44920
23,2,Easter,36639
24,2,Easter,36996
25,2,Easter,37346
26,2,Easter,37731
27,2,Easter,38088
28,2,Easter,38438
29,2,Easter,38823
30,2,Easter,39180
31,2,Easter,39530
32,2,Easter,39915
33,2,Easter,40272
34,2,Easter,40657
35,2,Easter,41007
36,2,Easter,41364
37,2,Easter,41749
38,2,Easter,42099
39,2,Easter,42456
40,2,Easter,42841
41,2,Easter,43191
42,2,Easter,43576
43,2,Easter,43933
44,2,Easter,44290
45,2,Easter,44668
46,3,Fathers Day,36695
47,3,Fathers Day,37059
48,3,Fathers Day,37423
49,3,Fathers Day,37787
50,3,Fathers Day,38158
51,3,Fathers Day,38522
52,3,Fathers Day,38886
53,3,Fathers Day,39250
54,3,Fathers Day,39614
55,3,Fathers Day,39985
56,3,Fathers Day,40349
57,3,Fathers Day,40713
58,3,Fathers Day,41077
59,3,Fathers Day,41441
60,3,Fathers Day,41805
61,3,Fathers Day,42176
62,3,Fathers Day,42540
63,3,Fathers Day,42904
64,3,Fathers Day,43268
65,3,Fathers Day,43632
66,3,Fathers Day,44003
67,3,Fathers Day,44367
68,3,Fathers Day,44731
69,4,Halloween,36830
70,4,Halloween,37195
71,4,Halloween,37560
72,4,Halloween,37925
73,4,Halloween,38291
74,4,Halloween,38656
75,4,Halloween,39021
76,4,Halloween,39386
77,4,Halloween,39752
78,4,Halloween,40117
79,4,Halloween,40482
80,4,Halloween,40847
81,4,Halloween,41213
82,4,Halloween,41578
83,4,Halloween,41943
84,4,Halloween,42308
85,4,Halloween,42674
86,4,Halloween,43039
87,4,Halloween,43404
88,4,Halloween,43769
89,4,Halloween,44135
90,4,Halloween,44500
91,4,Halloween,44865
92,5,July 4th,36711
93,5,July 4th,37076
94,5,July 4th,37441
95,5,July 4th,37806
96,5,July 4th,38172
97,5,July 4th,38537
98,5,July 4th,38902
99,5,July 4th,39267
100,5,July 4th,39633
101,5,July 4th,39998
102,5,July 4th,40363
103,5,July 4th,40728
104,5,July 4th,41094
105,5,July 4th,41459
106,5,July 4th,41824
107,5,July 4th,42189
108,5,July 4th,42555
109,5,July 4th,42920
110,5,July 4th,43285
111,5,July 4th,43650
112,5,July 4th,44016
113,5,July 4th,44381
114,5,July 4th,44746
115,6,Labor Day,36773
116,6,Labor Day,37137
117,6,Labor Day,37501
118,6,Labor Day,37865
119,6,Labor Day,38236
120,6,Labor Day,38600
121,6,Labor Day,38964
122,6,Labor Day,39328
123,6,Labor Day,39692
124,6,Labor Day,40063
125,6,Labor Day,40427
126,6,Labor Day,40791
127,6,Labor Day,41155
128,6,Labor Day,41519
129,6,Labor Day,41883
130,6,Labor Day,42254
131,6,Labor Day,42618
132,6,Labor Day,42982
133,6,Labor Day,43346
134,6,Labor Day,43710
135,6,Labor Day,44081
136,6,Labor Day,44445
137,6,Labor Day,44809
138,7,Memorial Day,36675
139,7,Memorial Day,37039
140,7,Memorial Day,37403
141,7,Memorial Day,37767
142,7,Memorial Day,38138
143,7,Memorial Day,38502
144,7,Memorial Day,38866
145,7,Memorial Day,39230
146,7,Memorial Day,39594
147,7,Memorial Day,39958
148,7,Memorial Day,40329
149,7,Memorial Day,40693
150,7,Memorial Day,41057
151,7,Memorial Day,41421
152,7,Memorial Day,41785
153,7,Memorial Day,42149
154,7,Memorial Day,42520
155,7,Memorial Day,42884
156,7,Memorial Day,43248
157,7,Memorial Day,43612
158,7,Memorial Day,43976
159,7,Memorial Day,44347
160,7,Memorial Day,44711
161,8,Mothers Day,36660
162,8,Mothers Day,37024
163,8,Mothers Day,37388
164,8,Mothers Day,37752
165,8,Mothers Day,38116
166,8,Mothers Day,38480
167,8,Mothers Day,38851
168,8,Mothers Day,39215
169,8,Mothers Day,39579
170,8,Mothers Day,39943
171,8,Mothers Day,40307
172,8,Mothers Day,40671
173,8,Mothers Day,41042
174,8,Mothers Day,41406
175,8,Mothers Day,41770
176,8,Mothers Day,42134
177,8,Mothers Day,42498
178,8,Mothers Day,42869
179,8,Mothers Day,43233
180,8,Mothers Day,43597
181,8,Mothers Day,43961
182,8,Mothers Day,44325
183,8,Mothers Day,44689
184,9,New Years,36526
185,9,New Years,36892
186,9,New Years,37257
187,9,New Years,37622
188,9,New Years,37987
189,9,New Years,38353
190,9,New Years,38718
191,9,New Years,39083
192,9,New Years,39448
193,9,New Years,39814
194,9,New Years,40179
195,9,New Years,40544
196,9,New Years,40909
197,9,New Years,41275
198,9,New Years,41640
199,9,New Years,42005
200,9,New Years,42370
201,9,New Years,42736
202,9,New Years,43101
203,9,New Years,43466
204,9,New Years,43831
205,9,New Years,44197
206,9,New Years,44562
207,10,Thanksgiving,36853
208,10,Thanksgiving,37217
209,10,Thanksgiving,37588
210,10,Thanksgiving,37952
211,10,Thanksgiving,38316
212,10,Thanksgiving,38680
213,10,Thanksgiving,39044
214,10,Thanksgiving,39408
215,10,Thanksgiving,39779
216,10,Thanksgiving,40143
217,10,Thanksgiving,40507
218,10,Thanksgiving,40871
219,10,Thanksgiving,41235
220,10,Thanksgiving,41606
221,10,Thanksgiving,41970
222,10,Thanksgiving,42334
223,10,Thanksgiving,42698
224,10,Thanksgiving,43062
225,10,Thanksgiving,43426
226,10,Thanksgiving,43797
227,10,Thanksgiving,44161
228,11,Valentines Day,36570
229,11,Valentines Day,36936
230,11,Valentines Day,37301
231,11,Valentines Day,37666
232,11,Valentines Day,38031
233,11,Valentines Day,38397
234,11,Valentines Day,38762
235,11,Valentines Day,39127
236,11,Valentines Day,39492
237,11,Valentines Day,39858
238,11,Valentines Day,40223
239,11,Valentines Day,40588
240,11,Valentines Day,40953
241,11,Valentines Day,41319
242,11,Valentines Day,41684
243,11,Valentines Day,42049
244,11,Valentines Day,42414
245,11,Valentines Day,42780
246,11,Valentines Day,43145
247,11,Valentines Day,43510
248,11,Valentines Day,43875
249,11,Valentines Day,44241
250,11,Valentines Day,44606
