HolidayId,holidayname,HolidayDate
1,Christmas,2000-12-25
1,Christmas,2001-12-25
1,Christmas,2002-12-25
1,Christmas,2003-12-25
1,Christmas,2004-12-25
1,Christmas,2005-12-25
1,Christmas,2006-12-25
1,Christmas,2007-12-25
1,Christmas,2008-12-25
1,Christmas,2009-12-25
1,Christmas,2010-12-25
1,Christmas,2011-12-25
1,Christmas,2012-12-25
1,Christmas,2013-12-25
1,Christmas,2014-12-25
1,Christmas,2015-12-25
1,Christmas,2016-12-25
1,Christmas,2017-12-25
1,Christmas,2018-12-25
1,Christmas,2019-12-25
1,Christmas,2020-12-25
1,Christmas,2021-12-25
1,Christmas,2022-12-25
2,Easter,2000-04-23
2,Easter,2001-04-15
2,Easter,2002-03-31
2,Easter,2003-04-20
2,Easter,2004-04-11
2,Easter,2005-03-27
2,Easter,2006-04-16
2,Easter,2007-04-08
2,Easter,2008-03-23
2,Easter,2009-04-12
2,Easter,2010-04-04
2,Easter,2011-04-24
2,Easter,2012-04-08
2,Easter,2013-03-31
2,Easter,2014-04-20
2,Easter,2015-04-05
2,Easter,2016-03-27
2,Easter,2017-04-16
2,Easter,2018-04-01
2,Easter,2019-04-21
2,Easter,2020-04-12
2,Easter,2021-04-04
2,Easter,2022-04-17
3,Fathers Day,2000-06-18
3,Fathers Day,2001-06-17
3,Fathers Day,2002-06-16
3,Fathers Day,2003-06-15
3,Fathers Day,2004-06-20
3,Fathers Day,2005-06-19
3,Fathers Day,2006-06-18
3,Fathers Day,2007-06-17
3,Fathers Day,2008-06-15
3,Fathers Day,2009-06-21
3,Fathers Day,2010-06-20
3,Fathers Day,2011-06-19
3,Fathers Day,2012-06-17
3,Fathers Day,2013-06-16
3,Fathers Day,2014-06-15
3,Fathers Day,2015-06-21
3,Fathers Day,2016-06-19
3,Fathers Day,2017-06-18
3,Fathers Day,2018-06-17
3,Fathers Day,2019-06-16
3,Fathers Day,2020-06-21
3,Fathers Day,2021-06-20
3,Fathers Day,2022-06-19
4,Halloween,2000-10-31
4,Halloween,2001-10-31
4,Halloween,2002-10-31
4,Halloween,2003-10-31
4,Halloween,2004-10-31
4,Halloween,2005-10-31
4,Halloween,2006-10-31
4,Halloween,2007-10-31
4,Halloween,2008-10-31
4,Halloween,2009-10-31
4,Halloween,2010-10-31
4,Halloween,2011-10-31
4,Halloween,2012-10-31
4,Halloween,2013-10-31
4,Halloween,2014-10-31
4,Halloween,2015-10-31
4,Halloween,2016-10-31
4,Halloween,2017-10-31
4,Halloween,2018-10-31
4,Halloween,2019-10-31
4,Halloween,2020-10-31
4,Halloween,2021-10-31
4,Halloween,2022-10-31
5,Mothers Day,2000-04-02
5,Mothers Day,2001-03-25
5,Mothers Day,2002-03-10
5,Mothers Day,2003-03-30
5,Mothers Day,2004-03-21
5,Mothers Day,2005-03-06
5,Mothers Day,2006-03-26
5,Mothers Day,2007-03-18
5,Mothers Day,2008-03-02
5,Mothers Day,2009-03-22
5,Mothers Day,2010-03-14
5,Mothers Day,2011-04-03
5,Mothers Day,2012-03-18
5,Mothers Day,2013-03-10
5,Mothers Day,2014-03-30
5,Mothers Day,2015-03-15
5,Mothers Day,2016-03-06
5,Mothers Day,2017-03-26
5,Mothers Day,2018-03-11
5,Mothers Day,2019-03-31
5,Mothers Day,2020-03-22
5,Mothers Day,2021-03-14
5,Mothers Day,2022-03-27
6,New Years,2000-01-01
6,New Years,2001-01-01
6,New Years,2002-01-01
6,New Years,2003-01-01
6,New Years,2004-01-01
6,New Years,2005-01-01
6,New Years,2006-01-01
6,New Years,2007-01-01
6,New Years,2008-01-01
6,New Years,2009-01-01
6,New Years,2010-01-01
6,New Years,2011-01-01
6,New Years,2012-01-01
6,New Years,2013-01-01
6,New Years,2014-01-01
6,New Years,2015-01-01
6,New Years,2016-01-01
6,New Years,2017-01-01
6,New Years,2018-01-01
6,New Years,2019-01-01
6,New Years,2020-01-01
6,New Years,2021-01-01
6,New Years,2022-01-01
7,Valentines Day,2000-02-14
7,Valentines Day,2001-02-14
7,Valentines Day,2002-02-14
7,Valentines Day,2003-02-14
7,Valentines Day,2004-02-14
7,Valentines Day,2005-02-14
7,Valentines Day,2006-02-14
7,Valentines Day,2007-02-14
7,Valentines Day,2008-02-14
7,Valentines Day,2009-02-14
7,Valentines Day,2010-02-14
7,Valentines Day,2011-02-14
7,Valentines Day,2012-02-14
7,Valentines Day,2013-02-14
7,Valentines Day,2014-02-14
7,Valentines Day,2015-02-14
7,Valentines Day,2016-02-14
7,Valentines Day,2017-02-14
7,Valentines Day,2018-02-14
7,Valentines Day,2019-02-14
7,Valentines Day,2020-02-14
7,Valentines Day,2021-02-14
7,Valentines Day,2022-02-14
8,Lunar New Year,2000-02-05
8,Lunar New Year,2001-01-24
8,Lunar New Year,2002-02-12
8,Lunar New Year,2003-02-01
8,Lunar New Year,2004-01-22
8,Lunar New Year,2005-02-09
8,Lunar New Year,2006-01-29
8,Lunar New Year,2007-02-18
8,Lunar New Year,2008-02-07
8,Lunar New Year,2009-01-26
8,Lunar New Year,2010-02-14
8,Lunar New Year,2011-02-03
8,Lunar New Year,2012-01-23
8,Lunar New Year,2013-02-10
8,Lunar New Year,2014-01-31
8,Lunar New Year,2015-02-19
8,Lunar New Year,2016-02-08
8,Lunar New Year,2017-01-28
8,Lunar New Year,2018-02-16
8,Lunar New Year,2019-02-05
8,Lunar New Year,2020-01-25
8,Lunar New Year,2021-02-12
8,Lunar New Year,2022-02-01
9,Guy Fawkes,2000-11-05
9,Guy Fawkes,2001-11-05
9,Guy Fawkes,2002-11-05
9,Guy Fawkes,2003-11-05
9,Guy Fawkes,2004-11-05
9,Guy Fawkes,2005-11-05
9,Guy Fawkes,2006-11-05
9,Guy Fawkes,2007-11-05
9,Guy Fawkes,2008-11-05
9,Guy Fawkes,2009-11-05
9,Guy Fawkes,2010-11-05
9,Guy Fawkes,2011-11-05
9,Guy Fawkes,2012-11-05
9,Guy Fawkes,2013-11-05
9,Guy Fawkes,2014-11-05
9,Guy Fawkes,2015-11-05
9,Guy Fawkes,2016-11-05
9,Guy Fawkes,2017-11-05
9,Guy Fawkes,2018-11-05
9,Guy Fawkes,2019-11-05
9,Guy Fawkes,2020-11-05
9,Guy Fawkes,2021-11-05
9,Guy Fawkes,2022-11-05
